loss,grad_norm,learning_rate,epoch,step,train_runtime,train_samples_per_second,train_steps_per_second,total_flos,train_loss
10.384,12.497812271118164,3.850574712643678e-05,0.23,40,,,,,
4.1686,7.096704483032227,2.7011494252873566e-05,0.46,80,,,,,
3.1767,9.023926734924316,1.5517241379310346e-05,0.69,120,,,,,
2.9742,8.82552433013916,4.022988505747127e-06,0.92,160,,,,,
,,,1.0,174,326.9364,17.012,0.532,5668402001891328.0,4.995201702775626
